Account Number,Fund Name,Donor,Purpose,Stewardship Contact,Last Stewardship Letter
300101,Class of 1978 Teaching Fellows Fund,Class of 1978 Gift Committee,Student teaching stipends,J. Alvarez,2026-03-14
300102,Okafor Family Scholarship,Ada and Ben Okafor,First-generation undergraduate scholarship,M. Chen,2025-06-02
300103,Hartwell Literacy Innovation Fund,Hartwell Foundation,Literacy research grants,J. Alvarez,2026-01-20
300104,Delgado STEM Educators Award,Rosa Delgado,Award for STEM teacher candidates,M. Chen,
300105 ,Lindqvist Rural Schools Fund,Erik and Maja Lindqvist,Travel for rural placements,P. Singh,2025-11-05
300106,Brightwater Early Childhood Fund,Brightwater Trust,Early childhood practicum support,P. Singh,2024-12-10
300107,Nguyen Bilingual Education Scholarship,Thanh Nguyen,Bilingual education scholarship,M. Chen,2026-05-30
300108,Morrow Doctoral Research Fund,Estate of Clara Morrow,Dissertation research support,J. Alvarez,2025-09-01
300109,Kaplan Special Education Fund,Kaplan Family,Special education scholarships,P. Singh,2026-08-15
300107,Nguyen Bilingual Education Scholarship,Thanh Nguyen,Bilingual education scholarship,M. Chen,2026-05-30
300110,Adeyemi Teacher Leadership Prize,Funmi Adeyemi,Teacher leadership prize,M. Chen,2026-02-28
300111,Riverside Alumni Scholarship,Riverside Alumni Circle,General scholarship,J. Alvarez,2025-10-15
300112,Castellano Arts in Education Fund,Marco Castellano,Arts integration projects,P. Singh,2026-04-02
300113,Whitaker Counseling Fellowship,Whitaker Foundation,School counseling fellowship,M. Chen,2026-07-19
