Timestamp,Email Address,Your name,Business name,Describe your business in one sentence,What legal help do you need? (check all that apply),Do you have co-founders?,Student status,Are you part of the Zell Lurie Institute program?,Do you need help with a patent?,Anything else we should know?
9/22/2026 9:57:06,jlee@example.edu,Jordan Lee,Maize & Blue Meal Prep,student meal-prep delivery,LLC formation; Customer agreement,"Yes, 1 co-founder",Undergraduate,No,No,We already have customers; need this before Oct 15.
9/22/2026 12:24:24,pnair@example.edu,Priya Nair,Nair Tutoring Co-op,peer tutoring cooperative for STEM courses,Partnership agreement; Client waiver,"Yes, 2 co-founders",Graduate,No,No,
9/21/2026 8:42:43,lferreira@example.edu,Lucas Ferreira,ParkSmart,app that predicts open campus parking,Not sure yet,No,Undergraduate,No,Yes - I think my algorithm is patentable,Is this even the right clinic? I don't have a company yet.
9/23/2026 11:13:14,aosei@example.edu,Amara Osei,Osei Textiles,"imported Ghanaian fabrics, online store",LLC formation; Terms of service,No,Graduate,Yes,No,
9/25/2026 14:26:15,bkowal@example.edu,Ben Kowalski,Kowalski Bikes,refurbished bike sales and repair,Sales contract template; Liability waiver,No,Undergraduate,No,No,
9/25/2026 11:31:06,ctran@example.edu,Chloe Tran,TranScribe,AI meeting-notes tool for student orgs,Corporation formation; Privacy policy; Contractor agreement,"Yes, 1 co-founder",Graduate,Yes,No,
9/21/2026 16:35:50,druiz@example.edu,Diego Ruiz,Ruiz Lawn Co,lawn care for Ann Arbor rentals,LLC formation,No,Not a student - community member,No,No,"My nephew is a student, does that count?"
9/21/2026 10:09:10,elind@example.edu,Emma Lindgren,Lindgren Studio,,Contract template for clients,No,Undergraduate,No,No,
9/21/2026 12:24:10,fhaddad@example.edu,Farah Haddad,Haddad Halal Carts,food cart near the Diag,LLC formation; Lease review,"Yes, 1 co-founder",Graduate,No,No,
9/21/2026 12:29:26,gortiz@example.edu,Gabe Ortiz,Ortiz Esports,collegiate esports tournaments,Sponsorship agreement; Trademark question,"Yes, 3 co-founders",Undergraduate,Yes,No,URGENT - tournament is Oct 4
9/21/2026 12:50:41,hsato@example.edu,Hana Sato,SatoSound,podcast production for departments,Contractor agreement,No,Graduate,No,No,
9/24/2026 11:25:15,imbeki@example.edu,Isaac Mbeki,Mbeki Solar Kits,DIY solar kits for off-grid cabins,Corporation formation; Product liability,"Yes, 1 co-founder",Graduate,Yes,Yes - provisional filed,
9/23/2026 16:32:43,jmoreau@example.edu,Jules Moreau,Moreau Pastry,"weekend bake sales, want to go legit",LLC formation,No,Undergraduate,No,No,
9/23/2026 15:09:01,kvolkov@example.edu,Kira Volkov,Volkov Analytics,data dashboards for local nonprofits,LLC formation; Client contract,No,Graduate,No,No,
9/25/2026 15:55:07,lpark@example.edu,Leo Park,Park & Co Thrift,campus thrift pop-ups,Not sure yet,"Yes, 2 co-founders",Undergraduate,No,No,
9/22/2026 9:15:20,jlee@example.edu,Jordan Lee,Maize & Blue Meal Prep,"student meal prep delivery (same application, forgot the founders agreement)",LLC formation; Customer agreement; Founders' agreement,"Yes, 1 co-founder",Undergraduate,No,No,We already have customers; need this before Oct 15.
