Timestamp,Email Address,Your name,Location,Which pillar is this about?,What are you doing now?,What would you like to do next?,What is the main barrier?,Do you want a follow-up call?
9/22/2026 10:09:57,jlee@example.edu,Jordan Lee,North Quad kitchen,Waste Reduction,We compost pre-consumer scraps 3 days a week.,Daily composting and a plate-waste audit.,"No scale, no student staffing after 7 pm.",No
9/21/2026 14:58:47,pnair@example.edu,Priya Nair,South Campus cafe,Sustainable Sourcing,40% local produce in season.,"60% local in season. Also want to start a reusable container program (that's waste, sorry, wrong pillar).",Supplier minimums.,Yes
9/24/2026 8:21:00,lferreira@example.edu,Lucas Ferreira,Bursley dining hall,Menu Design,One plant-forward entree per day.,Half of entrees plant-forward.,Chef buy-in.,Yes
9/21/2026 12:58:01,aosei@example.edu,Amara Osei,East Quad,Operational Efficiency,Dish machine runs at full load only after 2 pm.,Cut water use 15%.,No submeter on the dish room.,No
9/24/2026 14:45:56,bkowal@example.edu,Ben Kowalski,Michigan Catering,Community Engagement,Two student volunteer events per term.,Monthly open kitchen night.,Staff time.,Yes
9/25/2026 16:52:23,ctran@example.edu,Chloe Tran,Bakeshop,Waste Reduction,Trayless since 2019; plate-waste audit done last term; compost daily; 92% diversion.,Run a plate-waste audit this term.,Need a scale and a template.,Yes
9/23/2026 10:31:52,druiz@example.edu,Diego Ruiz,Mosher-Jordan,Sustainable Sourcing,Buy from the campus farm in summer only.,Year-round local sourcing plan.,Winter supply.,No
9/23/2026 8:39:16,elind@example.edu,Emma Lindgren,Markley,Menu Design,"Meatless Monday, low uptake.",Make the plant-forward option the default.,Menu software can't flag it.,Yes
9/22/2026 14:16:07,fhaddad@example.edu,Farah Haddad,Union cafe,Operational Efficiency,LED retrofit done; walk-in cooler is 15 years old.,Replace the cooler; measure kWh.,Capital budget.,No
9/22/2026 16:01:01,gortiz@example.edu,Gabe Ortiz,Pierpont,Community Engagement,Post on Instagram sometimes.,A real communications calendar.,Nobody owns it.,No
9/22/2026 16:46:45,hsato@example.edu,Hana Sato,Maize & Blue Cupboard,Waste Reduction,Food recovery to the Cupboard twice a week.,Daily recovery.,Van availability.,Yes
9/21/2026 14:04:47,imbeki@example.edu,Isaac Mbeki,Central Campus Recreation cafe,Sustainable Sourcing,Nothing formal yet - just starting.,Not sure - that's why I'm filling this in.,Don't know where to start.,No
