Timestamp,Email Address,Your name,Rank,Years in current rank,Track,Topics you want (check all that apply),Workshops you have already attended,Preferred format
9/24/2026 10:36:06,jlee@example.edu,Dr. Jordan Lee,Professor,0,Research track,Clinical research design; Lab management,Grant writing 101; Presenting to non-experts,Zoom
9/23/2026 15:29:28,pnair@example.edu,Dr. Priya Nair,Assistant Professor,1,Tenure track,Leadership; Grant writing; Mentoring,Presenting to non-experts; Promotion dossier basics; Writing the R01,Recorded
9/24/2026 8:51:32,lferreira@example.edu,Dr. Lucas Ferreira,Assistant Professor,4,Clinical track,Grant writing; Work-life balance,Time management for clinicians; Grant writing 101; Mentoring across difference,In person
9/23/2026 8:05:27,aosei@example.edu,Dr. Amara Osei,Associate Professor,3,Clinical track,Grant writing; Scientific writing,Grant writing 101; Writing the R01,Zoom
9/23/2026 12:12:09,bkowal@example.edu,Dr. Ben Kowalski,Instructor,9,Clinical track,Presentation skills; Promotion & tenure,Promotion dossier basics; Writing the R01; Leading a lab,In person
9/23/2026 15:17:29,ctran@example.edu,Dr. Chloe Tran,Associate Professor,9,Research track,Clinical research design; Leadership,Promotion dossier basics; Time management for clinicians,Recorded
9/22/2026 16:10:52,druiz@example.edu,Dr. Diego Ruiz,Instructor,7,Research track,Clinical research design; Mentoring; Work-life balance,Time management for clinicians; Promotion dossier basics; Writing the R01,In person
9/25/2026 10:28:32,elind@example.edu,Dr. Emma Lindgren,Clinical Assistant Professor,10,Research track,Presentation skills; Teaching; Grant writing,,In person
9/24/2026 17:18:21,fhaddad@example.edu,Dr. Farah Haddad,Assistant Professor,11,Clinical track,,Mentoring across difference; Writing the R01,Zoom
9/23/2026 16:54:57,gortiz@example.edu,Dr. Gabe Ortiz,Associate Professor,2,Clinical track,Teaching; Grant writing,Grant writing 101; Promotion dossier basics; Writing the R01,In person
9/21/2026 13:17:28,hsato@example.edu,Dr. Hana Sato,Professor,9,Tenure track,Presentation skills; Grant writing; Clinical research design; Leadership,Grant writing 101,In person
9/21/2026 14:48:55,imbeki@example.edu,Dr. Isaac Mbeki,Clinical Assistant Professor,1,Tenure track,Teaching; Work-life balance; Clinical research design,Teaching in the clinic,In person
9/22/2026 16:21:45,jmoreau@example.edu,Dr. Jules Moreau,Associate Professor,11,Research track,Mentoring,Time management for clinicians; Mentoring across difference,Recorded
9/25/2026 10:55:00,kvolkov@example.edu,Dr. Kira Volkov,Associate Professor,10,Clinical track,Scientific writing; Promotion & tenure; Clinical research design,Leading a lab; Promotion dossier basics,Zoom
9/23/2026 8:44:24,lpark@example.edu,Dr. Leo Park,Assistant Professor,11,Clinical track,Teaching,,Zoom
