Acct,Fund Title,Balance (USD),Awards 2025-26,Status
F-300101,Class of 1978 Teaching Fellows,"412,880.15",6,Active
F-300102,Okafor Family Schol.,"1,204,330.00",11,Active
F300103,Hartwell Literacy Innovation,"98,410.72",2,Active
F-300104,Delgado STEM Educators,"250,000.00",1,Active
F-300105,Lindqvist Rural Schools,"61,902.44",4,Active
F-300106,Brightwater Early Childhood,"530,118.90",3,Active
F-300107,Nguyen Bilingual Ed Schol.,"377,245.00",5,Active
F-300108,Morrow Doctoral Research,"2,110,500.63",7,Active
F-300109,Kaplan Special Ed,"145,780.00",3,Active
F-300110,Adeyemi Teacher Leadership,"88,000.00",1,Active
F-300111,Riverside Alumni Schol.,"23,415.10",2,Active
F-300112,Castellano Arts in Ed,"305,660.00",4,Active
F-300114,Easton Scholarship (legacy),"12,004.33",0,Inactive
