file_name,modified,path,size_kb,first_line
SERVE_training_manual.doc,2004-08-12,M:/SERVE/2004,83,Welcome to Project SERVE. This manual covers site leader responsibilities...
SERVE_training_manual_v2.doc,2005-01-20,M:/SERVE/2005,394,Welcome to Project SERVE. This manual covers site leader responsibilities and the new reflection model...
SERVE training manual FINAL.doc,2005-02-03,M:/SERVE/2005,207,Welcome to SERVE. This manual covers site leader responsibilities and the reflection model (rev. Feb 2005)...
SERVE training manual FINAL_final.doc,2005-02-04,M:/SERVE/2005/old,102,Welcome to SERVE. This manual covers site leader responsibilities and the reflection model (rev. Feb 2005)...
site_leader_handbook_2006.doc,2006-09-01,M:/SERVE/2006,326,
site_leader_handbook_2006 (copy).doc,2006-09-01,M:/SERVE/2006/backup,431,
participation_roster_fall2007.xls,2007-12-15,M:/SERVE/2007,25,"Name, site, hours..."
Fall 07 roster w IDs.xls,2007-12-15,M:/SERVE/2007,124,"Name, UMID (8 digits), site, hours..."
reflection_prompts.doc,2003-03-11,M:/SERVE/misc,48,
reflection prompts (Ginsberg).doc,2009-10-02,M:/SERVE/2009,64,
budget_2008.xls,2008-06-30,M:/SERVE/2008,345,
budget_2008_revised.xls,2008-07-14,M:/SERVE/2008,255,
Untitled document.doc,2005-05-05,M:/SERVE/misc,249,
Untitled document (2).doc,2005-05-05,M:/SERVE/misc,415,
alt_spring_break_2010_planning.doc,2010-01-08,M:/SERVE/2010,394,
ASB planning 2010 notes.doc,2010-01-09,M:/SERVE/2010,249,
partner_orgs_contact_list.xls,2006-04-22,M:/SERVE/2006,478,
partner orgs 2009.xls,2009-04-22,M:/SERVE/2009,422,
SERVE_history_draft.doc,2008-11-30,M:/SERVE/misc,47,Project SERVE began in 1989 under the Office of Community Service Learning...
SERVE_history_draft.doc,2008-11-30,M:/SERVE/2008,192,Project SERVE began in 1989 under the Office of Community Service Learning...
orientation_agenda.doc,2004-08-20,M:/SERVE/2004,48,
orientation_agenda_2005.doc,2005-08-19,M:/SERVE/2005,408,
thumbs.db,2010-03-01,M:/SERVE/misc,220,
~$SERVE_training_manual.doc,2005-02-03,M:/SERVE/2005,15,
evaluation_survey_results_2009.xls,2009-12-20,M:/SERVE/2009,472,
