Name,Role,Department,Start Date,Manager Name,Email
Maria Santos,Project Manager,Operations,2026-10-16,Elaine Park,maria.santos@example.edu
James Chen,Software Engineer,Engineering,2026-09-03,Dana Whitfield,james.chen@example.edu
Aisha Patel,Marketing Coordinator,Marketing,2026-12-13,Elaine Park,aisha.patel@example.edu
Devon Brooks,Data Analyst,Analytics,2026-09-10,Dana Whitfield,devon.brooks@example.edu
Priya Raman,Program Assistant,Student Services,2026-10-26,Ravi Subramanian,priya.raman@example.edu
Tomasz Nowak,Research Administrator,Research Office,2026-11-09,Dana Whitfield,tomasz.nowak@example.edu
Lena Fischer,UX Designer,Product,,Kofi Mensah,lena.fischer@example.edu
Marcus Bell,Communications Lead,Communications,2026-09-17,Kofi Mensah,marcus.bell@example.edu
Yuki Tanaka,Financial Analyst,Finance,2026-09-10,Kofi Mensah,yuki.tanaka@example.edu
Sofia Alvarez,Event Coordinator,Engagement,"Oct 3, 2026",Ravi Subramanian,sofia.alvarez@example.edu
Omar Haddad,IT Support Specialist,IT,2026-09-02,Dana Whitfield,omar.haddad@example.edu
Hannah Lindqvist,Grants Officer,Research Office,2026-12-02,Kofi Mensah,hannah.lindqvist@example.edu
Diego Morales,Content Strategist,Marketing,2026-11-20,Elaine Park,diego.morales@example.edu
Nadia Okafor,Records Specialist,Records,2026-09-06,Ravi Subramanian,nadia.okafor@example.edu
Ethan Reyes,Learning Designer,Academic Innovation,2026-10-19,Kofi Mensah,ethan.reyes@example.edu
Maria Santos ,Project Manager,Operations,2026-09-15,Dana Whitfield,maria.santos@example.edu
